<?xml version="1.0" encoding="UTF-8"?>
<beans xmlns="http://www.springframework.org/schema/beans"
	xmlns:xsi="http://www.w3.org/2001/XMLSchema-instance" xmlns:aop="http://www.springframework.org/schema/aop"
	xmlns:context="http://www.springframework.org/schema/context" xmlns:tx="http://www.springframework.org/schema/tx"
	xsi:schemaLocation="http://www.springframework.org/schema/beans http://www.springframework.org/schema/beans/spring-beans-3.2.xsd
		http://www.springframework.org/schema/aop http://www.springframework.org/schema/aop/spring-aop-3.2.xsd
		http://www.springframework.org/schema/context http://www.springframework.org/schema/context/spring-context-3.2.xsd
		http://www.springframework.org/schema/tx http://www.springframework.org/schema/tx/spring-tx-3.2.xsd">

	<!-- 启用spring注解支持 -->
	   <context:annotation-config />    
 	   <!-- <context:component-scan base-package="com.bzu.action，com.bzu.dao.impl,com.bzu.service.impl"/>    
 	  -->

	<!--配数据源 -->
	<bean id="dataSource" class="org.apache.commons.dbcp.BasicDataSource"
		destroy-method="close">
		<property name="driverClassName" value="com.mysql.jdbc.Driver" />
		<property name="url" value="jdbc:mysql://localhost:3306/steelinfo" />
		<property name="username" value="root" />
		<property name="password" value="123456" />
	</bean>

	<bean id="sessionFactory"
		class="org.springframework.orm.hibernate4.LocalSessionFactoryBean">
		<property name="dataSource" ref="dataSource" />

		<property name="hibernateProperties">
			<props>
				<prop key="hibernate.dialect">org.hibernate.dialect.MySQLDialect</prop>
				<prop key="hibernate.show_sql">true</prop>
				<prop key="hibernate.hbm2ddl.auto">update</prop>
				<prop key="default_schema">steel</prop>
			</props>
		</property>
		<!-- 如果使用配置文件 -->
		<!-- <property name="mappingLocations"> <list> <value>classpath:com/jialin/entity/User.hbm.xml</value> 
			</list> </property> -->
		<!-- <property name="annotatedClasses">
			<list>
				<value>com.jialin.entity.User</value>
			</list>
		</property> -->
		<property name="annotatedClasses">
			<list>
				<value>com.bzu.entity.Admin</value>
				<value>com.bzu.entity.Catalog</value>
				<value>com.bzu.entity.Comment</value>
				<value>com.bzu.entity.News</value>
				<!-- <value>com.bzu.entity.Page</value> -->
				<value>com.bzu.entity.Steelproduct</value>
				<value>com.bzu.entity.User</value>
				
			</list>
		</property> 
	</bean>


	<!-- 配置事务管理器 -->
	<bean id="transactionManager"
		class="org.springframework.orm.hibernate4.HibernateTransactionManager">
		<property name="sessionFactory" ref="sessionFactory" />
	</bean>

	<!-- 事务的传播特性 -->
	<tx:advice id="txadvice" transaction-manager="transactionManager">
		<tx:attributes>
			<tx:method name="add*" propagation="REQUIRED" />
			<tx:method name="delete*" propagation="REQUIRED" />
			<tx:method name="update*" propagation="REQUIRED" /> 
			<!-- <tx:method name="modify*" propagation="REQUIRED" /> -->
 
			<!--hibernate4必须配置为开启事务 否则 getCurrentSession()获取不到 -->
			<tx:method name="*" propagation="REQUIRED" read-only="true" />
		</tx:attributes>
	</tx:advice>

	<!-- 那些类那些方法使用事务 -->
	<aop:config>
		<!-- 只对业务逻辑层实施事务 -->
		<aop:pointcut id="allManagerMethod"
			expression="execution(* com.bzu.service.*.*(..))" />
		<aop:advisor pointcut-ref="allManagerMethod" advice-ref="txadvice" />
	</aop:config>


</beans>
