<?xml version="1.0" encoding="UTF-8"?>
<beans xmlns="http://www.springframework.org/schema/beans"
	xmlns:xsi="http://www.w3.org/2001/XMLSchema-instance" xmlns:aop="http://www.springframework.org/schema/aop"
	xmlns:context="http://www.springframework.org/schema/context" xmlns:tx="http://www.springframework.org/schema/tx"
	xsi:schemaLocation="http://www.springframework.org/schema/beans http://www.springframework.org/schema/beans/spring-beans-3.2.xsd
		http://www.springframework.org/schema/aop http://www.springframework.org/schema/aop/spring-aop-3.2.xsd
		http://www.springframework.org/schema/context http://www.springframework.org/schema/context/spring-context-3.2.xsd
		http://www.springframework.org/schema/tx http://www.springframework.org/schema/tx/spring-tx-3.2.xsd">
 

<!-- 	Spring管理Struts2的Dao -->
	<bean id="baseDao" class="com.bzu.dao.impl.BaseDaoImpl" lazy-init="true">
	</bean>
	<bean id="adminDao" class="com.bzu.dao.impl.AdminDaoImpl" parent="baseDao">
	</bean>
	<bean id="catalogDao" class="com.bzu.dao.impl.CatalogDaoImpl" parent="baseDao">
	</bean> 
	<bean id="userDao" class="com.bzu.dao.impl.UserDaoImpl" parent="baseDao">
	</bean>
	<bean id="steelproductDao" class="com.bzu.dao.impl.SteelproductDaoImpl" parent="baseDao">
	</bean>
	<bean id="newsDao" class="com.bzu.dao.impl.NewsDaoImpl" parent="baseDao">
	</bean>
	<bean id="commentDao" class="com.bzu.dao.impl.CommentDaoImpl" parent="baseDao">
	</bean>
	<!--工具  -->
	<bean id="fileUpload" class="com.bzu.tools.FileUploadUtil"></bean>
	
	<!-- Spring管理Struts2的service -->
	<bean id="baseService" class="com.bzu.service.impl.BaseServiceImpl" lazy-init="true" init-method="init"> <!-- scope="singleton" --> 
	<property name="adminDao" ref="adminDao"></property>
	<property name="catalogDao" ref="catalogDao"></property>
	<property name="userDao" ref="userDao"></property>
	<property name="steelproductDao" ref="steelproductDao"></property>
	<property name="newsDao" ref="newsDao"></property>
	<property name="commentDao" ref="commentDao"></property>
	</bean>
	
	<bean id="adminService" class="com.bzu.service.impl.AdminServiceImpl" parent="baseService" >
	</bean>
	<bean id="catalogService" class="com.bzu.service.impl.CatalogServiceImpl" parent="baseService" >
	</bean>
	<bean id="userService" class="com.bzu.service.impl.UserServiceImpl" parent="baseService" >
	</bean>
	<bean id="steelproductService" class="com.bzu.service.impl.SteelproductServiceImpl" parent="baseService" >
	</bean>
	<bean id="newsService" class="com.bzu.service.impl.NewsServiceImpl" parent="baseService" >
	</bean>
	<bean id="commentService" class="com.bzu.service.impl.CommentServiceImpl" parent="baseService" >
	</bean>
	
	<!-- Spring管理Struts2的Action -->
	<!-- 如果是prototype模式 会在使用时常见，不会自动创建 -->
      <bean id="baseAction" class="com.bzu.action.BaseAction" scope="prototype" >
	 <property name="adminService" ref="adminService"></property>
	 <property name="catalogService" ref="catalogService"></property>
	 <property name="userService" ref="userService"></property>
	 <property name="steelproductService" ref="steelproductService"></property>
	 <property name="newsService" ref="newsService"></property>
	 <property name="commentService" ref="commentService"></property>
	 <property name="fileUpload" ref="fileUpload"></property>
	</bean>
	
	 <bean id="adminAction" class="com.bzu.action.AdminAction" scope="prototype" parent="baseAction">
	 </bean> 
	  
	 <bean id="catalogAction" class="com.bzu.action.CatalogAction" scope="prototype" parent="baseAction">
	 </bean>  
	 <bean id="commentAction" class="com.bzu.action.CommentAction" scope="prototype" parent="baseAction">
	 </bean>  
	 <bean id="newsAction" class="com.bzu.action.NewsAction" scope="prototype" parent="baseAction">
	 </bean>  
	 <bean id="steelproductAction" class="com.bzu.action.SteelproductAction" scope="prototype" parent="baseAction">
	 </bean>  
	 <bean id="userAction" class="com.bzu.action.UserAction" scope="prototype" parent="baseAction">
	 </bean>   
	
	<!-- Spring管理Struts2的Interceptor -->
   <bean name="checkLoginInterceptor" class="com.bzu.interceptor.CheckLogin"
		scope="prototype"></bean> 



	<!-- <bean name="userManage" class="com.jialin.service.UserManageImp">
		<property name="userDao" ref="userDao"></property>
	</bean>

	<bean name="userDao" class="com.jialin.dao.UserDaoImp">
		<property name="sessionFactory" ref="sessionFactory" />
	</bean>  -->
 
</beans>
