<?xml version="1.0" encoding="UTF-8"?>
<!DOCTYPE hibernate-configuration PUBLIC
		"-//Hibernate/Hibernate Configuration DTD 3.0//EN"
		"http://hibernate.sourceforge.net/hibernate-configuration-3.0.dtd">
<hibernate-configuration>
	<session-factory>
		<property name="hibernate.connection.driver_class">com.mysql.jdbc.Driver</property>
		<property name="hibernate.connection.password">123456</property>
		<!-- <property name="hibernate.connection.url">jdbc:mysql://101.200.235.166:3306/steelinfo</property> -->
		<property name="hibernate.connection.url">jdbc:mysql://localhost/steelinfo</property>
		<property name="hibernate.connection.username">root</property>
		<property name="hibernate.dialect">org.hibernate.dialect.MySQLDialect</property>
		<property name="hibernate.show_sql">true</property>
		<property name="hibernate.hbm2ddl.auto">update</property>

		<property name="myeclipse.connection.profile">steel</property>
		<mapping class="com.bzu.entity.User"/>
		<mapping class="com.bzu.entity.Admin"/>
		<mapping class="com.bzu.entity.Catalog"/>
		<mapping class="com.bzu.entity.Comment"/>
		<mapping class="com.bzu.entity.Steelproduct"/>
		<mapping class="com.bzu.entity.News"/>
	
		
	</session-factory>
</hibernate-configuration>
