<?xml version="1.0" encoding="UTF-8" ?>
<!DOCTYPE struts PUBLIC
    "-//Apache Software Foundation//DTD Struts Configuration 2.0//EN"
    "http://struts.apache.org/dtds/struts-2.0.dtd">

<struts>
	<!-- 未与spring集成的写法 -->
	<!-- <package name="loginAction" namespace="/" extends="abstract_struts"> 
		<action name="login" class="com.jialin.action.LoginAction"> <result name="success" 
		type="redirect">userMain</result> <result name="fail">/fail.jsp</result> 
		</action> 该action只负责跳转，用struts提供的ActionSupport <action name="userMain" class="com.opensymphony.xwork2.ActionSupport"> 
		<result name="success">/userMain.jsp</result> <interceptor-ref name="myInterceptor" 
		/> </action> </package> <package name="userActions" namespace="/user" extends="abstract_struts"> 
		<action name="*_*" class="com.jialin.action.UserAction" method="{1}"> <result 
		name="success" type="redirect">/{2}.jsp</result> <result name="fail">/fail.jsp</result> 
		<interceptor-ref name="myInterceptor" /> </action> </package> -->

	<!-- 与spring集成的写法，action等交予spring管理 -->
	<!-- 后台管理 --> 
	<package name="steel.admin" namespace="/admin" extends="abstract_struts">
        <!-- 配置拦截器  -->
       <!--  <interceptors>
                  验证用户登录的拦截器 
                  <interceptor name="loginInterceptor" class=""/>
                  <interceptor-stack name="adminDefaultStack">
                      <interceptor-ref name="loginInterceptor"/>
                     <interceptor-ref name="defaultStack"/>
                 </interceptor-stack>
        </interceptors>  
         -->
     </package>
     <!-- 管理员管理 -->
     <package name="adminManager" namespace="/admin" extends="steel.admin">
        <!-- 管理员登录 -->
        <action name="adminlogin" class="adminAction" method="login">
			<result name="success" type="redirect">/admin/index.jsp</result>
			<result name="fail">/fail.jsp</result>
			  
	   </action>
	   <!-- 管理员注销 -->
	   <action name="logout" class="adminAction" method="logout">
	      <result name="success" type="redirect">/admin/adminlogin.jsp</result>
			<result name="fail">/fail.jsp</result>
			
	   </action>		
		<action name="updateadmin" class="adminAction" method="update">
		<result name="success" type="redirect">listadmin</result>
		  <result name="fail">/fail.jsp</result>
		</action>
		<action name="addadmin" class="adminAction" method="add">
		 <result name="success" type="redirect">listadmin</result>
		 <result name="fail">/fail.jsp</result>
		</action>
		<action name="deleteadmin" class="adminAction" method="delete">
		    <param name="id"></param>
			<result name="success" type="redirect">listadmin</result>
			<result name="fail">/fail.jsp</result>
		</action>		
		<action name="listadmin" class="adminAction" method="list">
			<result name="success" type="redirect">/admin/admin_list.jsp</result>
			<result name="fail">/fail.jsp</result>
		</action>
	 </package>
	 <!-- 用户管理  -->
	 <package name="userManager" namespace="/admin" extends="steel.admin">
	 <action name="deleteuser" class="userAction" method="delete">
	  <param name="id"></param>
	  <result name="success" type="redirect">listuser</result>
	     <result name="fail">/fail.jsp</result>
	 </action>
	  <action name="adduser" class="userAction" method="add">
	    <result name="success" type="redirect">listuser</result>
	     <result name="fail">/fail.jsp</result>
	 </action><action name="updateuserpw" class="userAction" method="updatepw">
	    <result name="success" type="redirect">listuser</result>
	     <result name="fail">/fail.jsp</result>
	 </action>
	 <action name="updateuser" class="userAction" method="update">
	    <result name="success" type="redirect">listuser</result>
	     <result name="fail">/fail.jsp</result>
	 </action>
	 <action name="listuser" class="userAction" method="list">
	    <result name="success" type="redirect">/admin/user_list.jsp</result>
	     <result name="fail">/fail.jsp</result>
	</action>
	
	 </package>
	 <!--目录管理  -->
	 <package name="catalogmanage" namespace="/admin" extends="steel.admin">
	   <!-- <action name="">
	   <interceptor-ref name="dminDefaultStack"/>
	   </action> -->
	   <action name="deletecatalog" class="catalogAction" method="delete">
	  <param name="id"></param>
	  <result name="success" type="redirect">cataloglist</result>
	     <result name="fail">/fail.jsp</result>
	 </action>
	  <action name="addcatalog" class="catalogAction" method="add">
	    <result name="success" type="redirect">cataloglist</result>
	     <result name="fail">/fail.jsp</result>
	 </action>
	 <action name="updatecatalog" class="catalogAction" method="update">
	    <result name="success" type="redirect">cataloglist</result>
	     <result name="fail">/fail.jsp</result>
	 </action>
	   <action name="cataloglist" class="catalogAction" method="list">	   
	    <result name="success" type="redirect">/admin/catalog_list.jsp</result>
	     <result name="fail">/fail.jsp</result>
	   </action>
	 </package>
	  <!--供求信息管理  -->
	 <package name="steelproductmanage" namespace="/admin" extends="steel.admin">
	 <!--   <action name="">
	   <interceptor-ref name="dminDefaultStack"/>
	   </action> -->
	   <action name="productlist" class="steelproductAction" method="gongqiulist">	   
		    <result name="success" type="redirect">/admin/steelinformation.jsp</result>
		     <result name="fail">/fail.jsp</result>
		   </action>
		  <action name="deleteProduct" class="steelproductAction" method="delete">
		  <param name="id"></param>
		  <result name="success" type="redirect">productlist</result>
		     <result name="fail">/fail.jsp</result>
		 </action>
	 </package>
	  <!--新闻管理  -->
	 <package name="newsmanage" namespace="/admin" extends="steel.admin">
	  <!--  <action name="">
	   <interceptor-ref name="dminDefaultStack"/>
	   </action> -->
	   <action name="newsAdd" class="newsAction" method="add">	   
		    <result name="success" type="redirect">newsList</result>
		     <result name="fail">/fail.jsp</result>
		</action>
		<action name="newsList" class="newsAction" method="newsList">	   
		    <result name="success" type="redirect">/admin/news.jsp</result>
		     <result name="fail">/fail.jsp</result>
		</action>
		  <action name="deleteNews" class="newsAction" method="delete">
		  <param name="id"></param>
		  <result name="success" type="redirect">newsList</result>
		     <result name="fail">/fail.jsp</result>
		 </action>
	   
	 </package>
	 
	 
		<!-- <action name="adminlogin" class="AdminManageAction" method="login">
			<result name="success" type="redirect">admin/list</result>
			<result name="fail">/fail.jsp</result>
		</action>
		
		<action name="list" class="AdminManageAction" method="adminList">
			<result name="success">/adminList.jsp</result>
			<result name="fail">/fail.jsp</result>
		</action> -->
		
		<!-- <action name="byId" class="AdminManageAction" method="adminById">
			<result name="success">/updateAdmin.jsp</result>
			<result name="fail">/fail.jsp</result>
		</action>
		<action name="updatepwd" class="AdminManageAction" method="updateAdmin">
			<result name="success" type="redirect">list</result>
			<result name="fail">/fail.jsp</result>
		</action>
		<action name="insert" class="AdminManageAction" method="insertAdmin">
			<result name="success" type="redirect">/addAdmin.jsp</result>
			<result name="fail">/fail.jsp</result>
		</action>
		<action name="addadmin" class="AdminManageAction" method="addAdmin">
			<result name="success" type="redirect">/index.jsp</result>
			<result name="fail">/fail.jsp</result>
		</action> -->
	
</struts>