<?xml version="1.0" encoding="UTF-8" ?>
<!DOCTYPE struts PUBLIC
    "-//Apache Software Foundation//DTD Struts Configuration 2.0//EN"
    "http://struts.apache.org/dtds/struts-2.0.dtd">

<struts>
	<!-- 未与spring集成的写法 -->
	<!-- <package name="loginAction" namespace="/" extends="abstract_struts"> 
		<action name="login" class="com.jialin.action.LoginAction"> <result name="success" 
		type="redirect">userMain</result> <result name="fail">/fail.jsp</result> 
		</action> 该action只负责跳转，用struts提供的ActionSupport <action name="userMain" class="com.opensymphony.xwork2.ActionSupport"> 
		<result name="success">/userMain.jsp</result> <interceptor-ref name="myInterceptor" 
		/> </action> </package> <package name="userActions" namespace="/user" extends="abstract_struts"> 
		<action name="*_*" class="com.jialin.action.UserAction" method="{1}"> <result 
		name="success" type="redirect">/{2}.jsp</result> <result name="fail">/fail.jsp</result> 
		<interceptor-ref name="myInterceptor" /> </action> </package> -->

	<!-- 与spring集成的写法，action等交予spring管理 -->
	<!-- 系统前台 -->
	<package name="steel.user" namespace="/user" extends="abstract_struts">
       <!--后期拓展拦截器 暂时使用 一个  -->
  <!-- 
	  <interceptors>
	     <interceptor name="loginInterceptor" class=""/>
	      <interceptor-stack name="userDefaultStack">
	        <interceptor-ref name="loginInterceptor"/>
	        <interceptor-ref name="defaultStack"/>
	      </interceptor-stack>
	  </interceptors> 
  -->
   <interceptors>
			<interceptor name="checkLogin" class="checkLoginInterceptor" />
			<interceptor-stack name="myInterceptor">
				<interceptor-ref name="checkLogin" />
				<interceptor-ref name="defaultStack" />
			</interceptor-stack>
		</interceptors>  
		<default-interceptor-ref name="myInterceptor" /> 

		<global-results>
			<result name="checkLoginFail">/user/userlogin.jsp</result>
		</global-results>  
	</package>
	<!-- 个人 -->
	<package name="userInfo" namespace="/user" extends="steel.user">
	   <!-- 用户信息修改 -->
	   <action name="userinfoedit" class="userAction" method="userupdate">
	    <result name="success" type="redirect">/user/userinfo.jsp</result>
			<result name="fail">/fail.jsp</result>
	   </action>
	    <!--用户注册  -->
	 <action name="userregister" class="userAction" method="add">
	        <result name="success" type="redirect">/user/userlogin.jsp</result>
			<result name="fail">/fail.jsp</result>
			<interceptor-ref name="defaultStack"></interceptor-ref>  
	 </action> 
	       <!--用户登录  -->
	 <action name="userlogin" class="userAction" method="login">
	        <result name="success" type="redirect">newsindex</result>
			<result name="fail">/fail.jsp</result>
			<interceptor-ref name="defaultStack"></interceptor-ref>  
	 </action> 
     	    <!--用户注销  -->
	 <action name="userlogout" class="userAction" method="logout">
	   <result name="success" type="redirect">/user/userlogin.jsp</result>
	   <result name="fail">/fail.jsp</result>
	 </action>
	</package>
	<!--新闻 action  -->
	<package name="newsshow" namespace="/user" extends="steel.user">
	  <action name="newsindex" class="newsAction" method="newsList">
	  <result name="success" type="redirect">/user/index.jsp</result>
			<result name="fail">/fail.jsp</result>
	  </action>
	</package>
	 <!-- 供求信息 action -->
	<package name="steelprouctInfo" namespace="/user" extends="steel.user">
  		 <!-- 发布供求 -->
		<action name="addSteelproductInfo" class="steelproductAction" method="addSteelproductInfo">
			<result name="success" type="redirect">listyifabu</result>
			</action>
	     <!--用户删除删除自己的发布信息  -->
	  	  <action name="delete" class="steelproductAction" method="delete">
	   		  <param name="id"></param>
	   		  <result name="success" type="redirect">listyifabu</result>
	  		   <result name="fail">/fail.jsp</result>
	       </action>
	    <!--用户修改自己的发布信息  -->
	   		 <action name="updatesteelproduct" class="steelproductAction" method="update">
	  		   <result name="success" type="redirect">listyifabu</result>
	   		  <result name="fail">/fail.jsp</result>
	 	   </action>
	     <!-- 已发布 -->
	   	  <action name="listyifabu" class="steelproductAction" method="yifabu">
	   			 <result name="success" type="redirect">/user/listyifabu.jsp</result>
	   			 <result name="fail">/fail.jsp</result> 
	   	  </action> 
	
		<!--供求  -->
			<action name="gongqiulist" class="steelproductAction" method="gongqiulist">
				<result name="success">/user/listgongqiu.jsp</result>
			</action>
		<!--供应 -->
		<action name="gongyinglist" class="steelproductAction" method="gongyinglist">
				<result name="success">/user/listgongying.jsp</result>
		</action>
		<!--求购  -->
		<action name="qiugoulist" class="steelproductAction" method="qiugoulist">
			<result name="success">/user/listqiugou.jsp</result>
		</action>
	</package>
	<!-- 目录类别 -->
	<package name="catalogServiceForUser" namespace="/user" extends="steel.user">
	<!-- 目录类别列表 向用户发布供求提供信息 -->
       <action name="catlistforadd" class="catalogAction" method="list">
       <result name="success">/user/addgongqiu.jsp</result>
       </action> 
 
	</package>
	<!-- 留言回复 -->
	<package name="commenSendReceive" namespace="/user" extends="steel.user">
	 <action name="addcomment" class="commentAction" method="addcomment">
	 <result name="success">/user/listgongqiu.jsp</result>
	 </action> 
	 <!-- 查看留言 -->
	 <action name="commentlist" class="commentAction"  method="list">
		<result name="success">/user/comment.jsp</result>
	 </action>
	</package>
	

		<!-- <action name="insert" class="UserManageAction" method="insertUser">
			<result name="success" type="redirect">/admin/user/addUser.jsp</result>
			<result name="fail">/fail.jsp</result>
		</action>
	   <action name="add" class="UserManageAction" method="addUser">
			<result name="success" type="redirect">admin/list</result>
			<result name="fail">/fail.jsp</result>
		</action> -->
		<!--<action name="update" class="UserManageAction" method="updateUser">
			<result name="success" type="redirect">admin/list</result>
			<result name="fail">/fail.jsp</result>
		</action>
		<action name="list" class="UserManageAction" method="userList">
			<result name="success" type="redirect">admin/list</result>
			<result name="fail">/fail.jsp</result>
		</action>
		<action name="byId" class="UserManageAction" method="userById">
			<result name="success" type="redirect">admin/list</result>
			<result name="fail">/fail.jsp</result>
		</action> -->
		


</struts>